{"stats":{"minecraft:used":{"minecraft:purple_stained_glass":1,"minecraft:sticky_piston":3,"minecraft:honey_block":28,"minecraft:writable_book":3,"minecraft:command_block":7,"minecraft:iron_block":10,"minecraft:redstone":1,"minecraft:slime_block":54,"minecraft:lime_wool":10,"minecraft:stone_button":5,"minecraft:green_wool":9,"minecraft:oak_sign":4,"minecraft:light_blue_terracotta":52,"minecraft:detector_rail":1,"minecraft:white_glazed_terracotta":55,"minecraft:chest":2,"minecraft:redstone_block":3,"minecraft:calibrated_sculk_sensor":6,"minecraft:barrel":1,"minecraft:sculk_sensor":6,"minecraft:chiseled_stone_bricks":2,"minecraft:light_blue_concrete":56,"minecraft:tnt":2,"minecraft:goat_horn":5,"minecraft:lime_stained_glass":1,"minecraft:orange_glazed_terracotta":1,"minecraft:light_blue_wool":55,"minecraft:minecart":1,"minecraft:orange_wool":8,"minecraft:dead_tube_coral":1,"minecraft:magenta_glazed_terracotta":85,"minecraft:dead_bubble_coral":1,"minecraft:trapped_chest":1,"minecraft:piglin_head":1,"minecraft:cyan_wool":23,"minecraft:observer":17,"minecraft:orange_terracotta":19,"minecraft:dead_bubble_coral_fan":1,"minecraft:purple_wool":9,"minecraft:cyan_stained_glass":2,"minecraft:lime_glazed_terracotta":24,"minecraft:green_stained_glass":2},"minecraft:picked_up":{"minecraft:iron_block":10},"minecraft:custom":{"minecraft:time_since_rest":65063,"minecraft:sprint_one_cm":13734,"minecraft:walk_one_cm":59941,"minecraft:trigger_trapped_chest":5,"minecraft:fly_one_cm":279338,"minecraft:open_barrel":3,"minecraft:open_chest":1,"minecraft:crouch_one_cm":547,"minecraft:play_time":65063,"minecraft:sneak_time":614,"minecraft:jump":135,"minecraft:leave_game":1,"minecraft:time_since_death":65063,"minecraft:total_world_time":65221}},"DataVersion":3578}